{
  "spins": 10000,
  "total_bet": 50000.0,
  "total_win": 66970.0,
  "rtp": 1.3394,
  "expected_loss_rate": -0.3393999999999999,
  "hit_frequency": 0.4314,
  "miss_frequency": 0.5686,
  "mean_win_per_spin": 6.697,
  "mean_win_on_hit": 15.52387575336115,
  "variance": 319.77199099999996,
  "standard_deviation": 17.882169639056663,
  "coefficient_of_variation": 2.6701761444014727,
  "max_win": 410.0,
  "p50_win": 0.0,
  "p90_win": 15.0,
  "p95_win": 35.0,
  "p99_win": 100.0,
  "feature_trigger_frequency": 0.0991,
  "standard_error_rtp": 0.03576433927811333,
  "rtp_confidence_95_low": 1.2693031830840267,
  "rtp_confidence_95_high": 1.4094968169159732,
  "seed": 123,
  "game_id": "demo_5x3_slot",
  "game_version": "1.0.0"
}
